FID,osm_id,code,fclass,name
1456,"11576730488",3500,hindu,"Shri Gajanan Bhavan, Sagar"
431,"4836553353",3300,muslim,Masjid Ashbagh
1847,"12189888324",3500,hindu,Maa Hinglaj Devi Mandir Mehar
1781,"12172038605",3500,hindu,Shiv &Shiva Mandir
1747,"12153176496",3500,hindu,Shri Ram Jaanki Mandir  Sagar
1810,"12176046047",3500,hindu,Hanuman Ji Lal Mandir
1768,"12159887784",3500,hindu,Brajmohan Mandir
1518,"11690576045",3500,hindu,mandir
1653,"11888912373",3500,hindu,tulsi colony
1505,"11690469331",3500,hindu,shree radha krishna mandir
1459,"11580699347",3800,sikh,Gurudwara Guru Singh Sabha
1811,"12176052309",3500,hindu,Joiya Pariwar Kuldevi Kali Mandir
1795,"12174268480",3500,hindu,Jagdish Swami Mandir
1698,"12100447228",3500,hindu,Ma Hahsiddhi Mata  Mandir
1568,"11693461396",3500,hindu,gurjar mandir
1736,"12144966864",3500,hindu,Shiv Temple
1831,"12188169477",3500,hindu,Parcheen Sidh Hanuman Mandir Gadpahra
405,"4706578748",3500,hindu,Ram Mandir
1713,"12102652667",3500,hindu,Ma Beejasain  Mandir Khamriya
708,"7125726119",3500,hindu,Panchmukhi Mahadev Temple
1763,"12159398425",3500,hindu,Hanunman Mandir
969,"8259106991",3500,hindu,
504,"5327309468",3300,muslim,Jama masjid
1732,"12114099866",3500,hindu,Shree Hanuman Mandir
1741,"12151403321",3500,hindu,Mata Vaishno Devi Mandir
1827,"12188112927",3500,hindu,Krishna Temple
1662,"11980223628",3500,hindu,Hanuman mandir
1707,"12102003541",3500,hindu,Thenge Baba Hanuman Mandir
785,"7686993803",3100,christian,St Thomas' Church
1284,"10895503076",3500,hindu,Shiv Mandir
1525,"11690806572",3800,sikh,Gurudwara Guru Nanak Bunga Sahib
1681,"12073242893",3500,hindu,Hanuman Mandir
1835,"12189696167",3500,hindu,Shri Hanuman Mandir
1651,"11888847794",3500,hindu,Hanuman mandir Junapani
397,"4701420848",3500,hindu,Pitambara Peetha
1526,"11690809127",3500,hindu,ISKCON Radha Govind Temple
1506,"11690469333",3800,sikh,gurudwara
1500,"11690381789",3500,hindu,Khajrana Ganesh Mandir
1572,"11693461405",3500,hindu,mata basiya temple
1731,"12108290293",3500,hindu,Jagedhwar Mahadev
530,"5479582587",3500,hindu,Radhe Krishna Mandir
999,"8609679299",3500,hindu,Shani Mandir
1512,"11690576034",3300,muslim,hashemi masjid
1212,"10228161867",3100,christian,Holy Spirit Convent
519,"5458547036",3300,muslim,Sri Nagar Colony Masjid
1730,"12108239491",3500,hindu,Sidd Dham Dinai Ki Daba
704,"7112302713",3500,hindu,Paramhans Ashram
1843,"12189790727",3500,hindu,Shiv Mandir Mehar
1112,"9556262424",3500,hindu,Bhramapura ke bheruji
174,"3345000609",3500,hindu,Lakshman Mandir Temple
16,"1109069239",3500,hindu,Bhojeshwar
1852,"12194220186",3500,hindu,Mahakal Dham Khejra Darbar
1462,"11611852444",3500,hindu,Mata Durga Temple
1452,"11565120131",3500,hindu,Shri Gadhkalika Mata Mandir
502,"5323641700",3500,hindu,Ramal Baba Dev Sthan
190,"3634092577",3500,hindu,Murli Mandir
529,"5479358207",3500,hindu,Shiv Temple
1772,"12161645263",3500,hindu,Sawaiya Mandir Khiriya
1504,"11690469322",3500,hindu,
300,"4313126511",3500,hindu,Maa Gayatri Temple
639,"6562420293",3500,hindu,radha krishna mandir
1786,"12172286761",3500,hindu,Mandir Bas Stend Basahari
1868,"12210701009",3500,hindu,Shiv Mandir Kaptan Yadav
1774,"12161681335",3500,hindu,Ram Janki Mandir Bardha
91,"2898884981",3300,muslim,Eidgah Masjid (Junior)
1745,"12153156273",3500,hindu,Baba Mandir
706,"7123907529",3500,hindu,Shri Rajrajeshwar Sahastrarjun Bhagwan
1850,"12194189356",3500,hindu,Shri Ram Mandir Mehar
1020,"8892137341",3500,hindu,Hanuman mandir
1796,"12174317951",3500,hindu,Seetla mata mandir
1449,"11555017017",3500,hindu,
1701,"12100623315",3500,hindu,Kachern Kher Mata Mandir
1799,"12174654680",3500,hindu,Mata Rani Ka Mandir
1759,"12157765692",3500,hindu,Sri Sri 1008  Shri  Someshwar Mahadev
1354,"10959671253",3800,sikh,GURUDHWAWA
1273,"10815868008",3500,hindu,Mangeshi mandir
1510,"11690469348",3500,hindu,kalbheru mandir
1855,"12194340197",3500,hindu,Baba Mahakal Mandir
1567,"11693461395",3500,hindu,shri todi ganesh
1842,"12189790704",3500,hindu,Shri Karsna Baldau  Mandir
762,"7361864363",3500,hindu,Shri Dadaji Darbar Khandwa
1834,"12188179368",3500,hindu,Shri Angadh Devi Gufa Mandir
459,"5003725413",3500,hindu,Ram Mandir
1750,"12153211642",3500,hindu,Vidyasagar Medical Store
1270,"10807015608",3100,christian,
1624,"11721812163",3500,hindu,Bajrangbali Temple
1672,"12013370226",3500,hindu,Ram Hanuman Mandir
1792,"12174198171",3500,hindu,Triveni Mandir Khimlasa
1714,"12105623625",3500,hindu,SHRI  Ram Karpa DHam
1647,"11796145009",3500,hindu,Hanuman Temple
1493,"11690375134",3500,hindu,
1729,"12108203476",3500,hindu,Vihari Ji Mandir
1463,"11618785103",3500,hindu,Mahadev Mandir
470,"5193576481",3500,hindu,Zulelal Mandir
1863,"12203639858",3500,hindu,Mahakal Dham Khejra Darbar
1516,"11690576039",3500,hindu,gupteswar mahadev
1841,"12189773125",3500,hindu,Baldau Ji Mandir
1468,"11637505848",3400,buddhist,Sai Mandir
1914,"12539495610",3500,hindu,Shri Maa Mahakali Siddh Shaktipeeth
1607,"11698820946",3500,hindu,"Hanuman Temple, Raikhedi"
789,"7724667593",3100,christian,Methodist church
1854,"12194270801",3500,hindu,Shiv Mandir
1632,"11738092293",3500,hindu,Jatashankar Temple
434,"4866877972",3500,hindu,Shiva Temple
1503,"11690469321",3500,hindu,
1867,"12210699782",3500,hindu,Jai Baba Barfani
1776,"12167977010",3500,hindu,Shani Mandir
1692,"12098323691",3500,hindu,Hanuman Mandir
1629,"11729957309",3500,hindu,Ancient Khedapati Temple
1778,"12168052617",3500,hindu,Karash Dev Mandir
1687,"12086992075",3500,hindu,Sree Siddh Baba Neem Ghati
404,"4706552469",3300,muslim,Nazarbag Dargah
389,"4695086685",3500,hindu,Sri Ram Mandir
427,"4792262111",3500,hindu,Shri Batukeshwar Mahadev Temple
1490,"11690375115",3500,hindu,Gopur Mandir
1357,"10959759739",3500,hindu,
805,"7799242031",3500,hindu,Brahmakumari Ashram and Meditation
1628,"11728220237",3500,hindu,Mahadev Mandir
711,"7127652200",3500,hindu,Shri Yantra Temples
1703,"12100639765",3500,hindu,KherMata  Mandir
1467,"11637358441",3400,buddhist,Hanuman-Tempel Khairlanji
783,"7644984841",3500,hindu,Maa Chamunda Mandir
626,"6346780896",3500,hindu,Sai Temple
1262,"10794700809",3500,hindu,Bandhavgarh Laxman Temple
193,"3676071728",3500,hindu,Hanuman Mandir
1695,"12100101639",3500,hindu,Siv Mandir BHatoua
1498,"11690381781",3500,hindu,Shri Shri Kali Mandir
1913,"12526404664",3500,hindu,Achleshwar Mandir
56,"1802109236",3800,sikh,Gurudwara
1826,"12188107048",3500,hindu,Sankar Ji Mandir
1221,"10294924230",3100,christian,
1636,"11743516949",3500,hindu,Sri Chintaharan Hanuman Temple
1851,"12194193694",3100,christian,Shri  Shri 1008 Shri Parsbnth Digambar Mandir
1061,"8999473960",3500,hindu,
1828,"12188126789",3500,hindu,Maa Bijasen Mandir
1813,"12176111067",3500,hindu,Sai Mandir
1764,"12159412108",3500,hindu,Hanuman Mandir
524,"5474639534",3500,hindu,Jay Shiv Mandir
420,"4762888327",3500,hindu,
299,"4313126510",3500,hindu,Shree Ram-Krishna Temple
781,"7644984838",3500,hindu,Jageshwar Mandir
707,"7125699073",3500,hindu,Hanuman temple
995,"8540868495",3500,hindu,
1802,"12174763046",3500,hindu,Hanuman Mandir Dhangar
1148,"9809132294",3300,muslim,Sunni Jama Masjid Tirodi
1784,"12172283240",3500,hindu,Basahari Sive Mandir
1875,"12277786032",3500,hindu,Shiv Temple
1808,"12174838645",3500,hindu,Siv ( Bholenath  ) Mandir
599,"6046346606",3500,hindu,Shri Swaminarayan Temple
315,"4430329085",3500,hindu,Temple
70,"2092538654",3500,hindu,Hanuman Statue
1779,"12168075929",3500,hindu,Moti Mandir
1552,"11691267266",3500,hindu,Bhole Bawa mandir
1870,"12211356427",3500,hindu,Hanuman Mandir Palrethni
1458,"11580628730",3500,hindu,"Temple of Lord Shiva, Lord Shani, Sai Baba, and Hanuman"
514,"5376039832",3300,muslim,Gulzar colony masjid (mosque)
641,"6562631977",3300,muslim,Sikandar bazaar maszid
1676,"12055337018",3500,hindu,Tikitoriya devi Temple
587,"5907804643",3107,christian_protestant,E.L. Church Padhar
1839,"12189744356",3500,hindu,Hanuman Ji ka  mandir
1715,"12107502090",3500,hindu,Hanuman Mandir
506,"5327361836",3500,hindu,Jain MAndir
408,"4709535873",3500,hindu,shri Chinta Haran Hanuman Temple
521,"5469001921",3800,sikh,Gurudwara Data Bandi Chhor Sahib
1836,"12189708231",3500,hindu,Ram Janki Mandir
802,"7799183060",3500,hindu,Shri Sanatan Dharam Mandir
548,"5756933870",3500,hindu,Marimata Ganesh Mandir
1448,"11554851908",3300,muslim,Jama Masjid
173,"3344990608",3500,hindu,Jageshwari Devi Mandir
89,"2840587084",3500,hindu,Siddha Baba Mandir
14,"1109061745",3500,hindu,Sasbahu
172,"3339597278",3500,hindu,Hanuman Mandir
392,"4695218592",3500,hindu,ramdwara chhatribagh
525,"5474694553",3500,hindu,Mata Temple
1785,"12172286342",3500,hindu,Shree Ram Janki Mandir Basahari
767,"7541317369",3500,hindu,
1767,"12159831620",3500,hindu,Sagar Naka Mandir
106,"3029403261",3500,hindu,Jain Mandir
1783,"12172261104",3500,hindu,Shri Kashi Vishwanath Mandir
1794,"12174251105",3500,hindu,Khaki Baba Mandir
1252,"10750127499",3100,christian,St. Jude Catholic Church
1812,"12176054202",3500,hindu,Shani Mandir Sagar
768,"7541374711",3500,hindu,Hunaumanji tample
1254,"10750127502",3300,muslim,Eid Gaah Baihar
705,"7123907528",3500,hindu,
1716,"12107567469",3500,hindu,Mata Mandir
501,"5323136886",3500,hindu,HALWAI BADSHASH MANDIR
1668,"11982693542",3500,hindu,Hanuman Mandir
1722,"12107676084",3500,hindu,Hanuman Mandir
1801,"12174718466",3500,hindu,Shri Hanuman Mandir
1661,"11980221762",3500,hindu,Hanuman Mandir Chhapri
979,"8361562264",3500,hindu,Shri Maruti ji Temple
1461,"11598135521",3500,hindu,Big Shankar Ji Temple
1724,"12107681422",3500,hindu,Bhole Nath Mandir Bansa
1725,"12107692203",3500,hindu,Ma Durga Mandir Upar Kheda
1761,"12159350475",3500,hindu,Shree Thakur Baba Mandir
642,"6562631978",3500,hindu,Ram mandir budhwara
526,"5474694563",3500,hindu,Shiv Mandir
386,"4691946341",3500,hindu,ganesh temple
1804,"12174769280",3500,hindu,Ram Janki  Mandir
1803,"12174764784",3500,hindu,Gurudwara
996,"8549116438",3400,buddhist,Mahapragya Bauddha Vihar
1806,"12174777362",3500,hindu,Matarani  Mandir
1754,"12153756127",3500,hindu,Vrindavan Mandir
998,"8583920394",3500,hindu,hauma ji
1637,"11753377164",3500,hindu,Chota Mahadev Temple
485,"5302727021",3500,hindu,Mandir
1702,"12100630835",3500,hindu,Shree Hanuman Mandir Banjariya
347,"4485785154",3500,hindu,A Temple
1829,"12188130340",3500,hindu,Kherapati Devi Mandir Kudari
703,"7112302710",3500,hindu,
1738,"12150915820",3500,hindu,Shree Hanuman Mandir
191,"3640953883",3500,hindu,Balaji Ka Manir
544,"5572780124",3500,hindu,Cha
266,"3911235048",3500,hindu,
1791,"12174198170",3500,hindu,Ankus Pavaiya  Khaki Baba Mandir
197,"3696037864",3500,hindu,Iscon Temple
1536,"11690956257",3300,muslim,Maszid
1837,"12189727319",3500,hindu,Love Kush Mandir Mothi
1475,"11659308226",3400,buddhist,Maruti Nandan Temple
1858,"12194419680",3500,hindu,Maa Bidhyabasini Mandir
1861,"12201350222",3500,hindu,Shri Dev  Laxmi Narayan Mandir Bandri
1838,"12189727321",3500,hindu,Radha Swami Mandir  Kamlesh Patel
1257,"10758040913",3400,buddhist,SDhiv mandir
1550,"11691267224",3100,christian,Mar Gregorios Orthodox Syrian church
1253,"10750127501",3500,hindu,Joda Pat Mandir
1631,"11736924942",3500,hindu,Kherapati Mata Temple
1571,"11693461404",3800,sikh,gurudwara
1690,"12090273868",3500,hindu,Gayatri Mandir
1717,"12107584293",3500,hindu,Shri Seetarmarn Mandir Onria
1223,"10310236726",3500,hindu,
1440,"11506610049",3500,hindu,
1684,"12076847627",3500,hindu,Mahakali Tigdda
1606,"11698820945",3500,hindu,"Shiv Mandir, Raikhedi"
1833,"12188175552",3500,hindu,Gadhpura Mandir
1680,"12072964251",3500,hindu,Jai Ma Sinhwahni Mata Mandir
1696,"12100400734",3500,hindu,MA Khermata Mandir
1384,"11136724662",3500,hindu,"Shri Gajanan Bhavan, Sagar"
1465,"11634391258",3102,christian_catholic,St. Joseph Church
1453,"11568452659",3500,hindu,Hanuman Mandir
469,"5193565864",3500,hindu,अन्नपूर्णा मंदिर
375,"4623154600",3500,hindu,Ranjeet Hanuman Temple
804,"7799242030",3500,hindu,Maa Durga Temple
1442,"11513106362",3500,hindu,
1849,"12194179158",3500,hindu,Mata Madiya (Khear Mata Mandir )
1472,"11643018344",3500,hindu,Amba Mai
1720,"12107632128",3500,hindu,Ma Beejasain  Mata Mandir
1818,"12176616700",3500,hindu,Gurudwara Shri Guru S..S...
1610,"11709859678",3500,hindu,Shree Krishna Temple
1447,"11541586817",3500,hindu,
1355,"10959759722",3500,hindu,JAGDAMBA
419,"4762877240",3500,hindu,
1497,"11690381780",3500,hindu,Shree Siddheshwar Veer Hanuman Mandir
1553,"11691511813",3500,hindu,mukteshwar mahadev
1769,"12159888682",3500,hindu,Hanuman Mandir
1501,"11690381801",3500,hindu,Banke Bihari Temple
778,"7594173345",3500,hindu,Sai temple
1788,"12172358026",3500,hindu,Maa Narayani Mandir
1866,"12206436736",3500,hindu,Haduaa Ram Mandir
1551,"11691267240",3500,hindu,Durga Ji Mandir
1000,"8609679300",3500,hindu,Sai Mandir
15,"1109061982",3500,hindu,Teli-ka-Mandir
937,"8121815738",3500,hindu,hanuman temple
1892,"12391616664",3500,hindu,Hanuman Temple
1495,"11690381770",3500,hindu,Shree Bada Ganpati Mandir
24,"1124758825",3400,buddhist,Northern Gate
25,"1124758834",3400,buddhist,Eastern Gate
1258,"10767743909",3100,christian,Khan House 55
476,"5222206523",3500,hindu,Shiv Temple STP
1514,"11690576036",3500,hindu,Ram mandir
1718,"12107599371",3500,hindu,Ram Mandir
710,"7125742861",3500,hindu,Sheetla Devi
1840,"12189765849",3500,hindu,Raj Mandir
1773,"12161667775",3500,hindu,Rajputon Ka Mandir Bardha
280,"4040606161",3800,sikh,Gurudwara
508,"5327363619",3300,muslim,Jama Masjiz
1916,"12555791179",3500,hindu,Santoshi Maa Mandir
1200,"10032755333",3400,buddhist,Tantiya Bhil Temple
167,"3276693151",3500,hindu,
1593,"11698105136",3100,christian,
1686,"12086960059",3500,hindu,Van Devi Mandir  Guru Chopda
1777,"12168004660",3500,hindu,MMMDV Bada Mandir
1450,"11557033025",3300,muslim,"Jama Masjid, Pachmarhi"
1441,"11508503093",3500,hindu,Shankar ji & Hanuman ji Temple
1488,"11688458766",3500,hindu,Kaali Mata Temple
1758,"12157574792",3500,hindu,Jerai Rajmandir
780,"7594865600",3500,hindu,shiv mandir
425,"4782930482",3500,hindu,Hanuman Mandir
1675,"12055301797",3500,hindu,Gayatri Mandir
143,"3098380537",3500,hindu,gouri shankar tempole
1825,"12188095267",3500,hindu,Purana Shiv Mandir
994,"8540868475",3500,hindu,
1460,"11593708372",3500,hindu,Shri Siddh Shiv Sai Hanuman Mandir
1723,"12107679560",3500,hindu,Hanuman mandir  Raj Nivas
1871,"12211530812",3500,hindu,Hanuman Mandir
388,"4695084092",3300,muslim,dargah sarif
1721,"12107641272",3500,hindu,Hindu Raj Mandir
1712,"12102585509",3500,hindu,Hanuman Mandir
1830,"12188133192",3500,hindu,Shri Ram Mandir
644,"6564189769",3500,hindu,shankar mandir
1626,"11728150393",3500,hindu,Mata Ka Mandir
600,"6046346611",3500,hindu,Shri Sai Mandir
1569,"11693461398",3500,hindu,shri ram talai hanuman ji
1669,"11989895856",3500,hindu,Patneshwer Mahakal Mandir Dana
1213,"10239608193",3500,hindu,
1499,"11690381785",3500,hindu,Shri Krishna Temple
1480,"11676534822",3500,hindu,Pipleshwar Mahadev
1743,"12151497425",3500,hindu,Nageshwar Mandir
198,"3702838074",3100,christian,Nun Monestary
1708,"12102045253",3500,hindu,Shri Bihari Ji Tempie
475,"5222206223",3500,hindu,Vanvasi temple STP
782,"7644984840",3500,hindu,Banknath Atal Darbar
709,"7125738924",3500,hindu,Rajrajeshwari Temple
1719,"12107619275",3500,hindu,Mata bai Mandir
1599,"11698571196",3300,muslim,
1513,"11690576035",3500,hindu,jain digamber
1814,"12176121339",3500,hindu,Sankat Mochan  Mandir
268,"3912487167",3500,hindu,
941,"8137094038",3500,hindu,Sai temple
1760,"12159260774",3500,hindu,Hanuman Mandir
1430,"11434540508",3500,hindu,Shri Gajanan Bhavan
511,"5363701354",3500,hindu,Nagalwadi-Shikhardham
414,"4720417390",3300,muslim,Mosque
1474,"11659308225",3400,buddhist,Shiv Mandir
1507,"11690469336",3500,hindu,ramjanki mandir
643,"6562897545",3500,hindu,Baba ramdev mandir
269,"3912758573",3300,muslim,
1862,"12203563506",3500,hindu,Jaaay maa harsiddhi
1739,"12151003238",3500,hindu,Rajmandir Ratona
189,"3633912152",3500,hindu,Shri Badrivishal Mandir
187,"3585121403",3500,hindu,Mandir
1770,"12159957521",3500,hindu,Talaiya Mandir
1709,"12102300600",3500,hindu,Badhi Durga  Ma Mandir
432,"4836560233",3100,christian,Bethlehem Church
1389,"11230838535",3500,hindu,Shankar Mandir
1699,"12100486129",3500,hindu,Radha Karishna Mandir
1865,"12206436552",3500,hindu,Prempura Sarkar Hanuman Mandir
769,"7541428415",3500,hindu,Bholenath Tample
1798,"12174583051",3500,hindu,Shri HanumanJi Mandir Karampur
1848,"12194139824",3500,hindu,Shiv Mandir Rai Mohalla  Mehar
1494,"11690375140",3500,hindu,Shree Surya Mandir
1209,"10218994862",3500,hindu,Maharaja Panjav Singh palace
1001,"8609679301",3500,hindu,Durga Mandir
399,"4706156031",3500,hindu,Bijasan Matta temple SAF Colony
18,"1109077126",3500,hindu,Ram-Raja
1912,"12526240309",3500,hindu,
1466,"11637358364",3400,buddhist,Shiv-Tempel
1819,"12176634008",3500,hindu,Goud Babba Ka Mandir
1388,"11230838534",3500,hindu,Shri Hanuman Temple
1726,"12107945028",3500,hindu,Rajmandir Bansa
1457,"11580604439",3500,hindu,Shri Kamandalnath Shiv Temple
1740,"12151057007",3500,hindu,Harsiddhi Mata Mandir
1846,"12189876919",3500,hindu,Maihar Mandir
1683,"12076847626",3500,hindu,
1704,"12101776213",3500,hindu,Shri Krisna Temple Gobardhan Parvat
1782,"12172255095",3500,hindu,Shitla Mata Mandir
1649,"11812626840",3500,hindu,Shiv Temple
1869,"12210713411",3500,hindu,Shiv Mandir Rajkumar Tiwari
21,"1124756065",3500,hindu,Matangeshwar Temple
64,"2068021610",3500,hindu,
1256,"10755632960",3500,hindu,Sangam (Narmada Mandir)
1728,"12108154238",3500,hindu,Siv Darvar
1654,"11939626484",3500,hindu,MANDIR
1099,"9465992277",3800,sikh,Sant Nagar Gurudwara
1800,"12174716496",3500,hindu,Thakur Baba Mandir Dhanagar
761,"7315488137",3500,hindu,
1853,"12194261265",3500,hindu,Kher Mata Mandir
1756,"12156430211",3500,hindu,Guru Mandir
1682,"12076484743",3500,hindu,Guru Chopda  Hanuman mandir
1797,"12174575471",3500,hindu,Shree Bhuvnesbari Mata Mandir
468,"5193560834",3500,hindu,Annapurna Mandir
20,"1124755992",3500,hindu,Chaterbuja
1771,"12161639150",3500,hindu,Nirtala Mandir
1646,"11787987337",3500,hindu,Hanuman Temple
346,"4469262206",3500,hindu,Hanuman Temple
1251,"10746509856",3500,hindu,Shri Ram Mandir
1751,"12153237415",3500,hindu,Jawala Mata Mandir
1582,"11695239596",3500,hindu,
1845,"12189823125",3500,hindu,Eakant Vashi Bholenath  Mothi
884,"7948179644",3500,hindu,Sant Asharam Ashram
1062,"9001696818",3500,hindu,
398,"4701519596",3500,hindu,Choti mata ka mandir
1762,"12159376358",3500,hindu,Rajmandir
396,"4701288060",3500,hindu,Sun Temple Balaji Unnao
1220,"10294924224",3500,hindu,Okhleshwar Dham
1555,"11691511818",3500,hindu,chintaharan hanuman mandir
1844,"12189793223",3500,hindu,Maa Phulmati  Mothi
1780,"12171890462",3500,hindu,Bijasen Mata Mandir Saraye
78,"2476814442",3500,hindu,shri balagi mandir
1627,"11728220223",3500,hindu,Hanuman Mandir
1392,"11247564578",3500,hindu,Purna Mata Mandir
391,"4695149574",3500,hindu,Jhulelal Mandir
1444,"11523354567",3107,christian_protestant,Protestant Church
1789,"12172508077",3500,hindu,Karasdev Mandir
1820,"12186005653",3500,hindu,Mata Mandir Soya  Refinary
23,"1124758772",3400,buddhist,Southern Gate
1602,"11698611177",3100,christian,
1694,"12100096183",3500,hindu,Hanuman Mandir Baroda
1748,"12153176497",3500,hindu,Narsingh  Baba Mandir
1688,"12087017393",3500,hindu,Old Shiv Mandir Chhevla
1102,"9497690200",3400,buddhist,Dr. Bhimrao Ambedkar Janmsthali
807,"7806771306",3500,hindu,ambika beej
1471,"11642935700",3500,hindu,Shree Hanuman Temple
22,"1124758650",3400,buddhist,Gate
1356,"10959759730",3500,hindu,SHANI MADIR
1655,"11962813419",3100,christian,St.Paul's E.L.C. Church
1881,"12345174421",3500,hindu,Hanuman Mandir
1821,"12188051769",3500,hindu,Sidh Baba Mandir  Pahari
1903,"12434279884",3302,muslim_shia,Irani Shia Masjid
1630,"11736460241",3500,hindu,Shiv Mandir
1641,"11763373803",3500,hindu,Vishwakarma Temple
1691,"12096749189",3500,hindu,Mahadev Parivar Tiraha
1036,"8906592767",3500,hindu,Hanuman Mandir
1857,"12194367082",3500,hindu,Bhole Nath Ka Mandir
527,"5474694564",3500,hindu,shankar ji ka Mandir
1250,"10737603293",3500,hindu,Shri Balhanuman Mandir
1902,"12434279877",3500,hindu,Hanuman Temple
1757,"12157520379",3500,hindu,Hanuman Mandir
1652,"11888862555",3500,hindu,Toll tax (permanently closed)
1519,"11690576049",3500,hindu,mandir
712,"7148039539",3500,hindu,Kapileshwar Ashram
1744,"12153156267",3500,hindu,Gedaji Mandir
1469,"11637590184",3400,buddhist,Banjari mata
1476,"11666860800",3500,hindu,Shiv Temple
1710,"12102489590",3500,hindu,Shri Ram Mandir
1823,"12188058417",3500,hindu,Somti Mata Mandir
1147,"9809127799",3500,hindu,
288,"4157370640",3500,hindu,Hanuman Mandir
1817,"12176480466",3500,hindu,Shree Siddha Hanuman Mandir
1807,"12174832303",3500,hindu,Ramjanki  Mandir
1670,"11989923759",3500,hindu,Manas Mandir
1352,"10959671247",3500,hindu,BABALDHAM
19,"1109077253",3500,hindu,Chatturbhuja Mandir
433,"4836591093",3500,hindu,Kali Mandir
1443,"11523331832",3500,hindu,Gaytri Mandir
1706,"12101997524",3500,hindu,Hanuman Mandir Rajakhoy
1755,"12156408317",3500,hindu,Shiv Temple
1037,"8909386820",3500,hindu,Mahadev Mandir
1271,"10814100011",3500,hindu,श्री चिंतामण गणेश मंदिर
1517,"11690576041",3500,hindu,khatushyam baba
803,"7799217953",3500,hindu,Sant Nirankari Satsang Bhawan
1872,"12214844955",3500,hindu,Balakhana
1554,"11691511815",3500,hindu,hanuman mandir
1816,"12176435714",3500,hindu,Maha-Kali Mandir Sagar
1190,"9880909377",3500,hindu,
235,"3787513308",3300,muslim,Sah Ali shah  upper lake
1752,"12153649184",3500,hindu,Hanuman And
1815,"12176191042",3500,hindu,Durga Temple
1035,"8906592757",3500,hindu,Shani Mandir
1496,"11690381774",3100,christian,Holy Spirit Church
1638,"11753394731",3500,hindu,Chauragarh Temple
1263,"10794700810",3500,hindu,Kabir Gufa Mandir
1787,"12172354339",3500,hindu,Hanuman Mandir
1790,"12172508469",3500,hindu,Ma Beejasain  Mandir
1711,"12102562489",3500,hindu,Siv  Mandir
1509,"11690469345",3500,hindu,mandir
1737,"12145028370",3500,hindu,Mata Ka Mandir
505,"5327315471",3500,hindu,Gayatri Mandir
1479,"11676534820",3500,hindu,Shiv Mandir
1860,"12201235799",3500,hindu,Rammandir Bandri
308,"4412605894",3500,hindu,Chandika Mata Mandir Pandhurna
1454,"11568481723",3500,hindu,Nakkhi Mata Mandir Bakori
1824,"12188085790",3500,hindu,Kher Mata Mandir
1705,"12101791730",3500,hindu,Shiv Mandir Bade Mahadev
1679,"12072425927",3500,hindu,Ramakrishna Mission Ashrama
267,"3911296577",3500,hindu,
387,"4695072632",3500,hindu,sai mandir
1753,"12153704299",3500,hindu,Sidhh Hanuman Ji Mandir
1508,"11690469340",3500,hindu,hanuman mandir
1809,"12176022468",3500,hindu,Shri Bhagvan Vishwakarma Mandir
1222,"10310236725",3500,hindu,
1353,"10959671248",3500,hindu,KESARI
1864,"12204763848",3500,hindu,Hanuman Mandir
1100,"9466750696",3800,sikh,
542,"5557071409",3500,hindu,Shiv Temple
507,"5327361837",3300,muslim,Mohammadi Masjid
1515,"11690576037",3500,hindu,sati mata mandir
503,"5323711421",3500,hindu,Maa Baglamukhi Temple
390,"4695139606",3500,hindu,sai baba mandir
1832,"12188175551",3500,hindu,Kher Mata Devi Mandir
17,"1109077069",3500,hindu,Lakshmi-Narayan Temple
1700,"12100501330",3500,hindu,Ma Beejasain Mata Mandir
1693,"12100007287",3500,hindu,Shree Ramraja Sarkar RAj Mandir Hanota  Sagar
1775,"12167947889",3500,hindu,Katra Mandir
1746,"12153163990",3500,hindu,Shri Dev Ram Bagh Mandir
314,"4427831102",3500,hindu,Ramdeobaba Mandir
360,"4576929574",3500,hindu,Gita bhawan
702,"7111629877",3800,sikh,Gwarighat Gurudwara
1793,"12174243611",3500,hindu,Dev Ghar Mandir
1727,"12108020346",3500,hindu,Padrai Sarkar Mandir
26,"1124758866",3400,buddhist,Western Gate
1215,"10239634771",3500,hindu,
1766,"12159444360",3500,hindu,Shree Dev Hanuman mandr ji Silodha
1742,"12151481468",3500,hindu,Shanidev Mandir
1625,"11728150385",3500,hindu,Hanuman Temple
1272,"10814239217",3500,hindu,बडा गणेश मंदिर
1640,"11763373802",3500,hindu,Durga Mata Temple
1697,"12100430967",3500,hindu,Shree Ram Janki Mandir
1492,"11690375122",3500,hindu,Chintaman Ganesh Mandir
1255,"10755467761",3500,hindu,Laatpaat baba
1060,"8999433625",3500,hindu,
1439,"11506563704",3500,hindu,
1446,"11541239508",3500,hindu,
997,"8562846987",3500,hindu,Sankat Mochan Temple
467,"5182045773",3500,hindu,Shankar Mandir
779,"7594832178",3500,hindu,Hanuman temple
1491,"11690375121",3500,hindu,Shri Sankat Mochan Hanuman Mandir
640,"6562503893",3500,hindu,Ganesh Mandir
1856,"12194345983",3500,hindu,Mata Gaytri  Mandir Bandri
1214,"10239608194",3500,hindu,
528,"5474726797",3500,hindu,Kalka Mandir
1470,"11642707016",3500,hindu,Panchmukhi Hanuman Ji Temple
1570,"11693461402",3500,hindu,shri radha  rani mandir
1765,"12159443511",3500,hindu,Mahakal Mandir
1805,"12174771020",3500,hindu,Siv Mandir
1034,"8905318166",3500,hindu,Shiv Mandir
1822,"12188056393",3500,hindu,Mata Tempie
1749,"12153199973",3500,hindu,Shree Gulab Baba Mandir Sagar
